[{"model": "admin.logentry", "pk": 1, "fields": {"action_time": "2023-07-04T11:41:14.662", "user": 1, "content_type": 7, "object_id": "1", "object_repr": "Lololo", "action_flag": 1, "change_message": "[{\"added\": {}}]"}}, {"model": "admin.logentry", "pk": 2, "fields": {"action_time": "2023-07-04T11:41:20.614", "user": 1, "content_type": 7, "object_id": "2", "object_repr": "Chat", "action_flag": 1, "change_message": "[{\"added\": {}}]"}}, {"model": "admin.logentry", "pk": 3, "fields": {"action_time": "2023-07-04T11:42:03.007", "user": 1, "content_type": 10, "object_id": "1", "object_repr": "alena", "action_flag": 1, "change_message": "[{\"added\": {}}]"}}, {"model": "admin.logentry", "pk": 4, "fields": {"action_time": "2023-07-04T11:42:12.831", "user": 1, "content_type": 8, "object_id": "1", "object_repr": "Lololo alena", "action_flag": 1, "change_message": "[{\"added\": {}}]"}}, {"model": "admin.logentry", "pk": 5, "fields": {"action_time": "2023-07-04T11:42:17.679", "user": 1, "content_type": 8, "object_id": "2", "object_repr": "Chat alena", "action_flag": 1, "change_message": "[{\"added\": {}}]"}}, {"model": "admin.logentry", "pk": 6, "fields": {"action_time": "2023-07-04T12:42:25.222", "user": 1, "content_type": 10, "object_id": "1", "object_repr": "alena", "action_flag": 2, "change_message": "[{\"changed\": {\"fields\": [\"Avatar\"]}}]"}}, {"model": "admin.logentry", "pk": 7, "fields": {"action_time": "2023-07-04T14:08:19.910", "user": 1, "content_type": 7, "object_id": "3", "object_repr": "Chat1", "action_flag": 1, "change_message": "[{\"added\": {}}]"}}, {"model": "admin.logentry", "pk": 8, "fields": {"action_time": "2023-07-04T14:09:25.183", "user": 1, "content_type": 7, "object_id": "2", "object_repr": "Chat", "action_flag": 2, "change_message": "[{\"changed\": {\"fields\": [\"Avatar\"]}}]"}}, {"model": "admin.logentry", "pk": 9, "fields": {"action_time": "2023-07-04T14:09:30.131", "user": 1, "content_type": 7, "object_id": "1", "object_repr": "Lololo", "action_flag": 2, "change_message": "[{\"changed\": {\"fields\": [\"Avatar\"]}}]"}}, {"model": "admin.logentry", "pk": 10, "fields": {"action_time": "2023-07-05T18:31:57.245", "user": 1, "content_type": 6, "object_id": "1", "object_repr": "alena", "action_flag": 2, "change_message": "[{\"changed\": {\"fields\": [\"First name\", \"Last name\", \"Middle name\"]}}]"}}, {"model": "admin.logentry", "pk": 11, "fields": {"action_time": "2023-07-09T15:17:29.734", "user": 1, "content_type": 6, "object_id": "1", "object_repr": "alena", "action_flag": 2, "change_message": "[]"}}, {"model": "admin.logentry", "pk": 12, "fields": {"action_time": "2023-07-09T15:42:31.618", "user": 1, "content_type": 6, "object_id": "2", "object_repr": "hello-motherfuckers", "action_flag": 1, "change_message": "[{\"added\": {}}]"}}, {"model": "admin.logentry", "pk": 13, "fields": {"action_time": "2023-09-14T13:52:35.745", "user": 1, "content_type": 6, "object_id": "3", "object_repr": "new", "action_flag": 1, "change_message": "[{\"added\": {}}]"}}, {"model": "admin.logentry", "pk": 14, "fields": {"action_time": "2023-09-14T14:00:45.228", "user": 1, "content_type": 6, "object_id": "4", "object_repr": "1", "action_flag": 1, "change_message": "[{\"added\": {}}]"}}, {"model": "admin.logentry", "pk": 15, "fields": {"action_time": "2023-09-14T14:01:42.240", "user": 1, "content_type": 6, "object_id": "3", "object_repr": "new", "action_flag": 3, "change_message": ""}}, {"model": "admin.logentry", "pk": 16, "fields": {"action_time": "2023-09-14T14:01:42.245", "user": 1, "content_type": 6, "object_id": "2", "object_repr": "hello-motherfuckers", "action_flag": 3, "change_message": ""}}, {"model": "admin.logentry", "pk": 17, "fields": {"action_time": "2023-09-14T15:15:12.776", "user": 1, "content_type": 10, "object_id": "8", "object_repr": "1158", "action_flag": 3, "change_message": ""}}, {"model": "admin.logentry", "pk": 18, "fields": {"action_time": "2023-09-14T15:15:12.781", "user": 1, "content_type": 10, "object_id": "7", "object_repr": "1112", "action_flag": 3, "change_message": ""}}, {"model": "admin.logentry", "pk": 19, "fields": {"action_time": "2023-09-14T15:15:12.784", "user": 1, "content_type": 10, "object_id": "6", "object_repr": "112", "action_flag": 3, "change_message": ""}}, {"model": "admin.logentry", "pk": 20, "fields": {"action_time": "2023-09-14T15:15:12.787", "user": 1, "content_type": 10, "object_id": "5", "object_repr": "1142", "action_flag": 3, "change_message": ""}}, {"model": "admin.logentry", "pk": 21, "fields": {"action_time": "2023-09-14T15:15:12.791", "user": 1, "content_type": 10, "object_id": "4", "object_repr": "1147", "action_flag": 3, "change_message": ""}}, {"model": "admin.logentry", "pk": 22, "fields": {"action_time": "2023-09-14T15:15:12.796", "user": 1, "content_type": 10, "object_id": "3", "object_repr": "1128", "action_flag": 3, "change_message": ""}}, {"model": "admin.logentry", "pk": 23, "fields": {"action_time": "2023-09-14T15:15:22.042", "user": 1, "content_type": 6, "object_id": "10", "object_repr": "1158", "action_flag": 3, "change_message": ""}}, {"model": "admin.logentry", "pk": 24, "fields": {"action_time": "2023-09-14T15:15:22.046", "user": 1, "content_type": 6, "object_id": "9", "object_repr": "1112", "action_flag": 3, "change_message": ""}}, {"model": "admin.logentry", "pk": 25, "fields": {"action_time": "2023-09-14T15:15:22.049", "user": 1, "content_type": 6, "object_id": "8", "object_repr": "112", "action_flag": 3, "change_message": ""}}, {"model": "admin.logentry", "pk": 26, "fields": {"action_time": "2023-09-14T15:15:22.052", "user": 1, "content_type": 6, "object_id": "7", "object_repr": "1142", "action_flag": 3, "change_message": ""}}, {"model": "admin.logentry", "pk": 27, "fields": {"action_time": "2023-09-14T15:15:22.056", "user": 1, "content_type": 6, "object_id": "6", "object_repr": "1147", "action_flag": 3, "change_message": ""}}, {"model": "admin.logentry", "pk": 28, "fields": {"action_time": "2023-09-14T15:15:22.060", "user": 1, "content_type": 6, "object_id": "5", "object_repr": "1128", "action_flag": 3, "change_message": ""}}, {"model": "admin.logentry", "pk": 29, "fields": {"action_time": "2023-09-14T16:54:29.495", "user": 1, "content_type": 6, "object_id": "21", "object_repr": "4462", "action_flag": 3, "change_message": ""}}, {"model": "admin.logentry", "pk": 30, "fields": {"action_time": "2023-09-14T16:54:29.500", "user": 1, "content_type": 6, "object_id": "20", "object_repr": "3329", "action_flag": 3, "change_message": ""}}, {"model": "admin.logentry", "pk": 31, "fields": {"action_time": "2023-09-14T16:54:29.504", "user": 1, "content_type": 6, "object_id": "19", "object_repr": "3345", "action_flag": 3, "change_message": ""}}, {"model": "admin.logentry", "pk": 32, "fields": {"action_time": "2023-09-14T16:54:29.509", "user": 1, "content_type": 6, "object_id": "18", "object_repr": "2225", "action_flag": 3, "change_message": ""}}, {"model": "admin.logentry", "pk": 33, "fields": {"action_time": "2023-09-14T16:54:29.513", "user": 1, "content_type": 6, "object_id": "17", "object_repr": "0022", "action_flag": 3, "change_message": ""}}, {"model": "admin.logentry", "pk": 34, "fields": {"action_time": "2023-09-14T16:54:29.517", "user": 1, "content_type": 6, "object_id": "16", "object_repr": "0082", "action_flag": 3, "change_message": ""}}, {"model": "admin.logentry", "pk": 35, "fields": {"action_time": "2023-09-14T16:54:29.519", "user": 1, "content_type": 6, "object_id": "15", "object_repr": "ольгаz72", "action_flag": 3, "change_message": ""}}, {"model": "admin.logentry", "pk": 36, "fields": {"action_time": "2023-09-14T16:54:29.522", "user": 1, "content_type": 6, "object_id": "14", "object_repr": "ольгаz49", "action_flag": 3, "change_message": ""}}, {"model": "admin.logentry", "pk": 37, "fields": {"action_time": "2023-09-14T16:54:29.525", "user": 1, "content_type": 6, "object_id": "13", "object_repr": "ольгаz74", "action_flag": 3, "change_message": ""}}, {"model": "admin.logentry", "pk": 38, "fields": {"action_time": "2023-09-14T16:54:29.528", "user": 1, "content_type": 6, "object_id": "12", "object_repr": "ольгаz79", "action_flag": 3, "change_message": ""}}, {"model": "admin.logentry", "pk": 39, "fields": {"action_time": "2023-09-14T16:54:29.530", "user": 1, "content_type": 6, "object_id": "11", "object_repr": "ольгаz78", "action_flag": 3, "change_message": ""}}, {"model": "admin.logentry", "pk": 40, "fields": {"action_time": "2023-10-01T17:56:37.989", "user": 1, "content_type": 8, "object_id": "3", "object_repr": "Lololo 1", "action_flag": 1, "change_message": "[{\"added\": {}}]"}}, {"model": "admin.logentry", "pk": 41, "fields": {"action_time": "2023-10-01T18:04:22.432", "user": 1, "content_type": 8, "object_id": "4", "object_repr": "Chat1 1113", "action_flag": 1, "change_message": "[{\"added\": {}}]"}}, {"model": "admin.logentry", "pk": 42, "fields": {"action_time": "2023-10-01T18:10:22.825", "user": 1, "content_type": 8, "object_id": "5", "object_repr": "Chat 1118", "action_flag": 1, "change_message": "[{\"added\": {}}]"}}, {"model": "admin.logentry", "pk": 43, "fields": {"action_time": "2023-10-01T18:15:58.800", "user": 1, "content_type": 8, "object_id": "6", "object_repr": "Lololo 1111", "action_flag": 1, "change_message": "[{\"added\": {}}]"}}, {"model": "admin.logentry", "pk": 44, "fields": {"action_time": "2023-10-01T18:19:20.301", "user": 1, "content_type": 8, "object_id": "5", "object_repr": "Chat 1118", "action_flag": 2, "change_message": "[{\"changed\": {\"fields\": [\"Left at\"]}}]"}}, {"model": "admin.logentry", "pk": 45, "fields": {"action_time": "2023-10-01T18:19:24.685", "user": 1, "content_type": 8, "object_id": "4", "object_repr": "Chat1 1113", "action_flag": 2, "change_message": "[{\"changed\": {\"fields\": [\"Left at\"]}}]"}}, {"model": "admin.logentry", "pk": 46, "fields": {"action_time": "2023-10-01T18:19:28.233", "user": 1, "content_type": 8, "object_id": "3", "object_repr": "Lololo 1", "action_flag": 2, "change_message": "[{\"changed\": {\"fields\": [\"Left at\"]}}]"}}, {"model": "admin.logentry", "pk": 47, "fields": {"action_time": "2023-10-01T18:19:31.459", "user": 1, "content_type": 8, "object_id": "2", "object_repr": "Chat alena", "action_flag": 2, "change_message": "[{\"changed\": {\"fields\": [\"Left at\"]}}]"}}, {"model": "admin.logentry", "pk": 48, "fields": {"action_time": "2023-10-01T18:19:34.393", "user": 1, "content_type": 8, "object_id": "1", "object_repr": "Lololo alena", "action_flag": 2, "change_message": "[{\"changed\": {\"fields\": [\"Left at\"]}}]"}}, {"model": "admin.logentry", "pk": 49, "fields": {"action_time": "2023-10-22T17:08:50.054", "user": 1, "content_type": 7, "object_id": "3", "object_repr": "Chat1", "action_flag": 2, "change_message": "[]"}}, {"model": "admin.logentry", "pk": 50, "fields": {"action_time": "2023-10-22T17:12:12.486", "user": 1, "content_type": 7, "object_id": "1", "object_repr": "Lololo", "action_flag": 2, "change_message": "[{\"changed\": {\"fields\": [\"Group chat\"]}}]"}}, {"model": "admin.logentry", "pk": 51, "fields": {"action_time": "2023-10-26T15:25:01.115", "user": 1, "content_type": 7, "object_id": "4", "object_repr": "test", "action_flag": 1, "change_message": "[{\"added\": {}}]"}}, {"model": "admin.logentry", "pk": 52, "fields": {"action_time": "2023-10-26T15:26:23.947", "user": 1, "content_type": 7, "object_id": "5", "object_repr": "тест", "action_flag": 1, "change_message": "[{\"added\": {}}]"}}, {"model": "admin.logentry", "pk": 53, "fields": {"action_time": "2023-10-26T15:31:14.501", "user": 1, "content_type": 7, "object_id": "5", "object_repr": "тест", "action_flag": 3, "change_message": ""}}, {"model": "admin.logentry", "pk": 54, "fields": {"action_time": "2023-10-26T15:31:17.725", "user": 1, "content_type": 7, "object_id": "4", "object_repr": "test", "action_flag": 3, "change_message": ""}}, {"model": "admin.logentry", "pk": 55, "fields": {"action_time": "2023-10-26T15:31:28.571", "user": 1, "content_type": 7, "object_id": "6", "object_repr": "тест", "action_flag": 1, "change_message": "[{\"added\": {}}]"}}, {"model": "admin.logentry", "pk": 56, "fields": {"action_time": "2023-10-26T15:43:04.496", "user": 1, "content_type": 7, "object_id": "7", "object_repr": "24", "action_flag": 1, "change_message": "[{\"added\": {}}]"}}, {"model": "admin.logentry", "pk": 57, "fields": {"action_time": "2023-10-26T15:43:40.034", "user": 1, "content_type": 7, "object_id": "7", "object_repr": "24", "action_flag": 3, "change_message": ""}}, {"model": "admin.logentry", "pk": 58, "fields": {"action_time": "2023-10-26T15:43:40.038", "user": 1, "content_type": 7, "object_id": "6", "object_repr": "тест", "action_flag": 3, "change_message": ""}}, {"model": "admin.logentry", "pk": 59, "fields": {"action_time": "2023-10-26T15:43:44.253", "user": 1, "content_type": 7, "object_id": "8", "object_repr": "sd", "action_flag": 1, "change_message": "[{\"added\": {}}]"}}, {"model": "admin.logentry", "pk": 60, "fields": {"action_time": "2023-10-26T15:46:25.952", "user": 1, "content_type": 7, "object_id": "2", "object_repr": "Chat", "action_flag": 2, "change_message": "[{\"changed\": {\"fields\": [\"Avatar\"]}}]"}}, {"model": "admin.logentry", "pk": 61, "fields": {"action_time": "2023-11-09T17:31:32.104", "user": 1, "content_type": 6, "object_id": "31", "object_repr": "l86", "action_flag": 3, "change_message": ""}}, {"model": "admin.logentry", "pk": 62, "fields": {"action_time": "2023-11-09T17:31:32.109", "user": 1, "content_type": 6, "object_id": "30", "object_repr": "l88", "action_flag": 3, "change_message": ""}}, {"model": "admin.logentry", "pk": 63, "fields": {"action_time": "2023-11-09T17:31:32.114", "user": 1, "content_type": 6, "object_id": "27", "object_repr": "1111", "action_flag": 3, "change_message": ""}}, {"model": "admin.logentry", "pk": 64, "fields": {"action_time": "2023-11-09T17:31:32.116", "user": 1, "content_type": 6, "object_id": "26", "object_repr": "1129", "action_flag": 3, "change_message": ""}}, {"model": "admin.logentry", "pk": 65, "fields": {"action_time": "2023-11-09T17:31:32.119", "user": 1, "content_type": 6, "object_id": "25", "object_repr": "1118", "action_flag": 3, "change_message": ""}}, {"model": "admin.logentry", "pk": 66, "fields": {"action_time": "2023-11-09T17:31:32.122", "user": 1, "content_type": 6, "object_id": "24", "object_repr": "1126", "action_flag": 3, "change_message": ""}}, {"model": "admin.logentry", "pk": 67, "fields": {"action_time": "2023-11-09T17:31:32.125", "user": 1, "content_type": 6, "object_id": "23", "object_repr": "1113", "action_flag": 3, "change_message": ""}}, {"model": "admin.logentry", "pk": 68, "fields": {"action_time": "2023-11-09T17:31:32.128", "user": 1, "content_type": 6, "object_id": "4", "object_repr": "1", "action_flag": 3, "change_message": ""}}, {"model": "admin.logentry", "pk": 69, "fields": {"action_time": "2023-11-11T15:41:04.720", "user": 1, "content_type": 6, "object_id": "35", "object_repr": "ol'gadmitriev66", "action_flag": 3, "change_message": ""}}, {"model": "admin.logentry", "pk": 70, "fields": {"action_time": "2023-11-11T15:41:04.725", "user": 1, "content_type": 6, "object_id": "34", "object_repr": "викториястаниславов83", "action_flag": 3, "change_message": ""}}, {"model": "admin.logentry", "pk": 71, "fields": {"action_time": "2023-11-11T15:46:49.152", "user": 1, "content_type": 6, "object_id": "22", "object_repr": "1137", "action_flag": 3, "change_message": ""}}, {"model": "admin.logentry", "pk": 72, "fields": {"action_time": "2023-12-07T14:07:09.995", "user": 1, "content_type": 7, "object_id": "25", "object_repr": "people1374547", "action_flag": 3, "change_message": ""}}, {"model": "admin.logentry", "pk": 73, "fields": {"action_time": "2023-12-07T14:07:09.999", "user": 1, "content_type": 7, "object_id": "24", "object_repr": "people137454", "action_flag": 3, "change_message": ""}}, {"model": "admin.logentry", "pk": 74, "fields": {"action_time": "2023-12-07T14:07:10.002", "user": 1, "content_type": 7, "object_id": "23", "object_repr": "people13745", "action_flag": 3, "change_message": ""}}, {"model": "admin.logentry", "pk": 75, "fields": {"action_time": "2023-12-07T14:07:10.005", "user": 1, "content_type": 7, "object_id": "22", "object_repr": "people1374", "action_flag": 3, "change_message": ""}}, {"model": "admin.logentry", "pk": 76, "fields": {"action_time": "2023-12-07T14:07:10.008", "user": 1, "content_type": 7, "object_id": "21", "object_repr": "people13743", "action_flag": 3, "change_message": ""}}, {"model": "admin.logentry", "pk": 77, "fields": {"action_time": "2023-12-07T14:07:10.011", "user": 1, "content_type": 7, "object_id": "20", "object_repr": "people137743", "action_flag": 3, "change_message": ""}}, {"model": "admin.logentry", "pk": 78, "fields": {"action_time": "2023-12-07T14:07:10.014", "user": 1, "content_type": 7, "object_id": "19", "object_repr": "people13774", "action_flag": 3, "change_message": ""}}, {"model": "admin.logentry", "pk": 79, "fields": {"action_time": "2023-12-07T14:07:10.017", "user": 1, "content_type": 7, "object_id": "18", "object_repr": "people1377", "action_flag": 3, "change_message": ""}}, {"model": "admin.logentry", "pk": 80, "fields": {"action_time": "2023-12-07T14:07:10.021", "user": 1, "content_type": 7, "object_id": "17", "object_repr": "people137", "action_flag": 3, "change_message": ""}}, {"model": "admin.logentry", "pk": 81, "fields": {"action_time": "2023-12-07T14:07:10.025", "user": 1, "content_type": 7, "object_id": "16", "object_repr": "people13", "action_flag": 3, "change_message": ""}}, {"model": "admin.logentry", "pk": 82, "fields": {"action_time": "2023-12-07T14:07:10.029", "user": 1, "content_type": 7, "object_id": "15", "object_repr": "people135", "action_flag": 3, "change_message": ""}}, {"model": "admin.logentry", "pk": 83, "fields": {"action_time": "2023-12-07T14:07:10.031", "user": 1, "content_type": 7, "object_id": "14", "object_repr": "people12235", "action_flag": 3, "change_message": ""}}, {"model": "admin.logentry", "pk": 84, "fields": {"action_time": "2023-12-07T14:07:10.036", "user": 1, "content_type": 7, "object_id": "13", "object_repr": "people12223", "action_flag": 3, "change_message": ""}}, {"model": "admin.logentry", "pk": 85, "fields": {"action_time": "2023-12-07T14:07:10.040", "user": 1, "content_type": 7, "object_id": "12", "object_repr": "people1222", "action_flag": 3, "change_message": ""}}, {"model": "admin.logentry", "pk": 86, "fields": {"action_time": "2023-12-07T14:07:10.042", "user": 1, "content_type": 7, "object_id": "11", "object_repr": "people12", "action_flag": 3, "change_message": ""}}, {"model": "admin.logentry", "pk": 87, "fields": {"action_time": "2023-12-07T14:07:10.045", "user": 1, "content_type": 7, "object_id": "10", "object_repr": "people", "action_flag": 3, "change_message": ""}}, {"model": "admin.logentry", "pk": 88, "fields": {"action_time": "2023-12-07T14:07:10.048", "user": 1, "content_type": 7, "object_id": "9", "object_repr": "girls", "action_flag": 3, "change_message": ""}}, {"model": "admin.logentry", "pk": 89, "fields": {"action_time": "2023-12-07T14:08:04.377", "user": 1, "content_type": 8, "object_id": "10", "object_repr": "sd alena", "action_flag": 1, "change_message": "[{\"added\": {}}]"}}, {"model": "admin.logentry", "pk": 90, "fields": {"action_time": "2023-12-07T14:10:27.617", "user": 1, "content_type": 7, "object_id": "8", "object_repr": "sd", "action_flag": 2, "change_message": "[{\"changed\": {\"fields\": [\"Avatar\"]}}]"}}, {"model": "admin.logentry", "pk": 91, "fields": {"action_time": "2024-01-22T21:22:49.447", "user": 1, "content_type": 9, "object_id": "19", "object_repr": "лох", "action_flag": 3, "change_message": ""}}, {"model": "admin.logentry", "pk": 92, "fields": {"action_time": "2024-01-22T21:29:42.239", "user": 1, "content_type": 9, "object_id": "20", "object_repr": "лох", "action_flag": 3, "change_message": ""}}, {"model": "admin.logentry", "pk": 93, "fields": {"action_time": "2024-02-06T16:28:30.886", "user": 1, "content_type": 7, "object_id": "31", "object_repr": "Алёна Васильева olga grigorieva", "action_flag": 2, "change_message": "[{\"changed\": {\"fields\": [\"Chat name\"]}}]"}}, {"model": "admin.logentry", "pk": 94, "fields": {"action_time": "2024-02-06T16:28:36.585", "user": 1, "content_type": 7, "object_id": "31", "object_repr": "Алёна Васильева - olga grigorieva", "action_flag": 2, "change_message": "[{\"changed\": {\"fields\": [\"Chat name\"]}}]"}}, {"model": "admin.logentry", "pk": 95, "fields": {"action_time": "2024-02-06T18:58:17.230", "user": 1, "content_type": 10, "object_id": "30", "object_repr": "olgaleonid93", "action_flag": 3, "change_message": ""}}, {"model": "admin.logentry", "pk": 96, "fields": {"action_time": "2024-02-06T18:59:29.846", "user": 1, "content_type": 10, "object_id": "48", "object_repr": "olgaleonid93", "action_flag": 1, "change_message": "[{\"added\": {}}]"}}, {"model": "admin.logentry", "pk": 97, "fields": {"action_time": "2024-02-09T21:14:29.939", "user": 1, "content_type": 11, "object_id": "2", "object_repr": "new alena", "action_flag": 1, "change_message": "[{\"added\": {}}]"}}, {"model": "admin.logentry", "pk": 98, "fields": {"action_time": "2024-02-09T21:20:52.687", "user": 1, "content_type": 11, "object_id": "3", "object_repr": "new alena", "action_flag": 1, "change_message": "[{\"added\": {}}]"}}, {"model": "admin.logentry", "pk": 99, "fields": {"action_time": "2024-02-09T21:20:56.784", "user": 1, "content_type": 11, "object_id": "3", "object_repr": "new andrejsergee81", "action_flag": 2, "change_message": "[{\"changed\": {\"fields\": [\"User id\"]}}]"}}, {"model": "admin.logentry", "pk": 100, "fields": {"action_time": "2024-02-10T21:51:27.706", "user": 1, "content_type": 7, "object_id": "8", "object_repr": "sd", "action_flag": 3, "change_message": ""}}, {"model": "admin.logentry", "pk": 101, "fields": {"action_time": "2024-02-10T21:51:27.711", "user": 1, "content_type": 7, "object_id": "2", "object_repr": "Chat", "action_flag": 3, "change_message": ""}}, {"model": "admin.logentry", "pk": 102, "fields": {"action_time": "2024-02-19T11:43:40.267", "user": 1, "content_type": 9, "object_id": "24", "object_repr": "блять", "action_flag": 3, "change_message": ""}}, {"model": "admin.logentry", "pk": 103, "fields": {"action_time": "2024-02-19T11:43:40.274", "user": 1, "content_type": 9, "object_id": "23", "object_repr": "блять", "action_flag": 3, "change_message": ""}}, {"model": "admin.logentry", "pk": 104, "fields": {"action_time": "2024-02-25T19:16:28.631", "user": 1, "content_type": 11, "object_id": "6", "object_repr": "new olgadmit29", "action_flag": 3, "change_message": ""}}, {"model": "admin.logentry", "pk": 105, "fields": {"action_time": "2024-02-25T19:20:11.186", "user": 1, "content_type": 8, "object_id": "40", "object_repr": "new olgadmit29", "action_flag": 1, "change_message": "[{\"added\": {}}]"}}, {"model": "admin.logentry", "pk": 106, "fields": {"action_time": "2024-02-29T18:30:02.389", "user": 1, "content_type": 8, "object_id": "44", "object_repr": "31 elenaedu59", "action_flag": 1, "change_message": "[{\"added\": {}}]"}}, {"model": "admin.logentry", "pk": 107, "fields": {"action_time": "2024-02-29T18:56:26.092", "user": 1, "content_type": 7, "object_id": "41", "object_repr": "Алёна Васильева - Георгий Зеленцов", "action_flag": 3, "change_message": ""}}, {"model": "admin.logentry", "pk": 108, "fields": {"action_time": "2024-02-29T18:56:26.098", "user": 1, "content_type": 7, "object_id": "40", "object_repr": "Алёна Васильева - Елена Вязьмина", "action_flag": 3, "change_message": ""}}, {"model": "admin.logentry", "pk": 109, "fields": {"action_time": "2024-02-29T18:56:26.103", "user": 1, "content_type": 7, "object_id": "39", "object_repr": "Алёна Васильева - Максим Орешкин", "action_flag": 3, "change_message": ""}}, {"model": "admin.logentry", "pk": 110, "fields": {"action_time": "2024-02-29T18:56:26.107", "user": 1, "content_type": 7, "object_id": "3", "object_repr": "Chat1", "action_flag": 3, "change_message": ""}}, {"model": "admin.logentry", "pk": 111, "fields": {"action_time": "2024-03-11T13:04:00.507", "user": 1, "content_type": 11, "object_id": "8", "object_repr": "new nikolajego85", "action_flag": 2, "change_message": "[{\"changed\": {\"fields\": [\"\\u0412\\u0440\\u0435\\u043c\\u044f \\u043b\\u0438\\u0448\\u0435\\u043d\\u0438\\u044f \\u043f\\u0440\\u0430\\u0432 \\u0430\\u0434\\u043c\\u0438\\u043d\\u0438\\u0441\\u0442\\u0440\\u0430\\u0442\\u043e\\u0440\\u0430\"]}}]"}}, {"model": "admin.logentry", "pk": 112, "fields": {"action_time": "2024-03-11T14:46:25.531", "user": 1, "content_type": 11, "object_id": "26", "object_repr": "new alena", "action_flag": 1, "change_message": "[{\"added\": {}}]"}}, {"model": "auth.permission", "pk": 1, "fields": {"name": "Can add log entry", "content_type": 1, "codename": "add_logentry"}}, {"model": "auth.permission", "pk": 2, "fields": {"name": "Can change log entry", "content_type": 1, "codename": "change_logentry"}}, {"model": "auth.permission", "pk": 3, "fields": {"name": "Can delete log entry", "content_type": 1, "codename": "delete_logentry"}}, {"model": "auth.permission", "pk": 4, "fields": {"name": "Can view log entry", "content_type": 1, "codename": "view_logentry"}}, {"model": "auth.permission", "pk": 5, "fields": {"name": "Can add permission", "content_type": 2, "codename": "add_permission"}}, {"model": "auth.permission", "pk": 6, "fields": {"name": "Can change permission", "content_type": 2, "codename": "change_permission"}}, {"model": "auth.permission", "pk": 7, "fields": {"name": "Can delete permission", "content_type": 2, "codename": "delete_permission"}}, {"model": "auth.permission", "pk": 8, "fields": {"name": "Can view permission", "content_type": 2, "codename": "view_permission"}}, {"model": "auth.permission", "pk": 9, "fields": {"name": "Can add group", "content_type": 3, "codename": "add_group"}}, {"model": "auth.permission", "pk": 10, "fields": {"name": "Can change group", "content_type": 3, "codename": "change_group"}}, {"model": "auth.permission", "pk": 11, "fields": {"name": "Can delete group", "content_type": 3, "codename": "delete_group"}}, {"model": "auth.permission", "pk": 12, "fields": {"name": "Can view group", "content_type": 3, "codename": "view_group"}}, {"model": "auth.permission", "pk": 13, "fields": {"name": "Can add content type", "content_type": 4, "codename": "add_contenttype"}}, {"model": "auth.permission", "pk": 14, "fields": {"name": "Can change content type", "content_type": 4, "codename": "change_contenttype"}}, {"model": "auth.permission", "pk": 15, "fields": {"name": "Can delete content type", "content_type": 4, "codename": "delete_contenttype"}}, {"model": "auth.permission", "pk": 16, "fields": {"name": "Can view content type", "content_type": 4, "codename": "view_contenttype"}}, {"model": "auth.permission", "pk": 17, "fields": {"name": "Can add session", "content_type": 5, "codename": "add_session"}}, {"model": "auth.permission", "pk": 18, "fields": {"name": "Can change session", "content_type": 5, "codename": "change_session"}}, {"model": "auth.permission", "pk": 19, "fields": {"name": "Can delete session", "content_type": 5, "codename": "delete_session"}}, {"model": "auth.permission", "pk": 20, "fields": {"name": "Can view session", "content_type": 5, "codename": "view_session"}}, {"model": "auth.permission", "pk": 21, "fields": {"name": "Can add user", "content_type": 6, "codename": "add_user"}}, {"model": "auth.permission", "pk": 22, "fields": {"name": "Can change user", "content_type": 6, "codename": "change_user"}}, {"model": "auth.permission", "pk": 23, "fields": {"name": "Can delete user", "content_type": 6, "codename": "delete_user"}}, {"model": "auth.permission", "pk": 24, "fields": {"name": "Can view user", "content_type": 6, "codename": "view_user"}}, {"model": "auth.permission", "pk": 25, "fields": {"name": "Can add chat", "content_type": 7, "codename": "add_chat"}}, {"model": "auth.permission", "pk": 26, "fields": {"name": "Can change chat", "content_type": 7, "codename": "change_chat"}}, {"model": "auth.permission", "pk": 27, "fields": {"name": "Can delete chat", "content_type": 7, "codename": "delete_chat"}}, {"model": "auth.permission", "pk": 28, "fields": {"name": "Can view chat", "content_type": 7, "codename": "view_chat"}}, {"model": "auth.permission", "pk": 29, "fields": {"name": "Can add chat members", "content_type": 8, "codename": "add_chatmembers"}}, {"model": "auth.permission", "pk": 30, "fields": {"name": "Can change chat members", "content_type": 8, "codename": "change_chatmembers"}}, {"model": "auth.permission", "pk": 31, "fields": {"name": "Can delete chat members", "content_type": 8, "codename": "delete_chatmembers"}}, {"model": "auth.permission", "pk": 32, "fields": {"name": "Can view chat members", "content_type": 8, "codename": "view_chatmembers"}}, {"model": "auth.permission", "pk": 33, "fields": {"name": "Can add message", "content_type": 9, "codename": "add_message"}}, {"model": "auth.permission", "pk": 34, "fields": {"name": "Can change message", "content_type": 9, "codename": "change_message"}}, {"model": "auth.permission", "pk": 35, "fields": {"name": "Can delete message", "content_type": 9, "codename": "delete_message"}}, {"model": "auth.permission", "pk": 36, "fields": {"name": "Can view message", "content_type": 9, "codename": "view_message"}}, {"model": "auth.permission", "pk": 37, "fields": {"name": "Can add user profile", "content_type": 10, "codename": "add_userprofile"}}, {"model": "auth.permission", "pk": 38, "fields": {"name": "Can change user profile", "content_type": 10, "codename": "change_userprofile"}}, {"model": "auth.permission", "pk": 39, "fields": {"name": "Can delete user profile", "content_type": 10, "codename": "delete_userprofile"}}, {"model": "auth.permission", "pk": 40, "fields": {"name": "Can view user profile", "content_type": 10, "codename": "view_userprofile"}}, {"model": "auth.permission", "pk": 41, "fields": {"name": "Can add chat admins", "content_type": 11, "codename": "add_chatadmins"}}, {"model": "auth.permission", "pk": 42, "fields": {"name": "Can change chat admins", "content_type": 11, "codename": "change_chatadmins"}}, {"model": "auth.permission", "pk": 43, "fields": {"name": "Can delete chat admins", "content_type": 11, "codename": "delete_chatadmins"}}, {"model": "auth.permission", "pk": 44, "fields": {"name": "Can view chat admins", "content_type": 11, "codename": "view_chatadmins"}}, {"model": "auth.permission", "pk": 45, "fields": {"name": "Can add action log", "content_type": 12, "codename": "add_actionlog"}}, {"model": "auth.permission", "pk": 46, "fields": {"name": "Can change action log", "content_type": 12, "codename": "change_actionlog"}}, {"model": "auth.permission", "pk": 47, "fields": {"name": "Can delete action log", "content_type": 12, "codename": "delete_actionlog"}}, {"model": "auth.permission", "pk": 48, "fields": {"name": "Can view action log", "content_type": 12, "codename": "view_actionlog"}}, {"model": "auth.permission", "pk": 49, "fields": {"name": "Can add notification", "content_type": 13, "codename": "add_notification"}}, {"model": "auth.permission", "pk": 50, "fields": {"name": "Can change notification", "content_type": 13, "codename": "change_notification"}}, {"model": "auth.permission", "pk": 51, "fields": {"name": "Can delete notification", "content_type": 13, "codename": "delete_notification"}}, {"model": "auth.permission", "pk": 52, "fields": {"name": "Can view notification", "content_type": 13, "codename": "view_notification"}}, {"model": "auth.permission", "pk": 53, "fields": {"name": "Can add Подразделение", "content_type": 14, "codename": "add_department"}}, {"model": "auth.permission", "pk": 54, "fields": {"name": "Can change Подразделение", "content_type": 14, "codename": "change_department"}}, {"model": "auth.permission", "pk": 55, "fields": {"name": "Can delete Подразделение", "content_type": 14, "codename": "delete_department"}}, {"model": "auth.permission", "pk": 56, "fields": {"name": "Can view Подразделение", "content_type": 14, "codename": "view_department"}}, {"model": "auth.permission", "pk": 57, "fields": {"name": "Can add Участник подразделения", "content_type": 15, "codename": "add_departmenteployee"}}, {"model": "auth.permission", "pk": 58, "fields": {"name": "Can change Участник подразделения", "content_type": 15, "codename": "change_departmenteployee"}}, {"model": "auth.permission", "pk": 59, "fields": {"name": "Can delete Участник подразделения", "content_type": 15, "codename": "delete_departmenteployee"}}, {"model": "auth.permission", "pk": 60, "fields": {"name": "Can view Участник подразделения", "content_type": 15, "codename": "view_departmenteployee"}}, {"model": "sessions.session", "pk": "2e8vfl9f4xkfnaa7lgrjoyrvx45d4o4q", "fields": {"session_data": ".eJxVjMsOgjAUBf-la9NQaAvXpXu_gdxXBTVtQmFl_HclYaHbMzPnZUbc1mncqi7jLOZsnDn9boT80LwDuWO-Fcslr8tMdlfsQau9FtHn5XD_Dias07eOUdsUAAQkOAXhXhsOIB0lheSHhlxS6jD0msBHTxjYtTQ4apED9ub9AQLgONU:1rB7uK:hSA6UCH0dqYmE45ZA3MIxbGFPKr73ogOCq_PiA8klK4", "expire_date": "2023-12-21T11:30:48.506"}}, {"model": "sessions.session", "pk": "6tuhwugezo2g017cetp8xgqyigegn1r9", "fields": {"session_data": ".eJxVjMsOgjAUBf-la9NQaAvXpXu_gdxXBTVtQmFl_HclYaHbMzPnZUbc1mncqi7jLOZsnDn9boT80LwDuWO-Fcslr8tMdlfsQau9FtHn5XD_Dias07eOUdsUAAQkOAXhXhsOIB0lheSHhlxS6jD0msBHTxjYtTQ4apED9ub9AQLgONU:1r8dsG:5M1y0PO3v4pBNWtitou4WdYqT9-GuHNwz_nPNI9BrcY", "expire_date": "2023-12-14T15:02:24.399"}}, {"model": "sessions.session", "pk": "79lyecaq3ky9d8e3ggv7neaki2pshvmm", "fields": {"session_data": ".eJxVjMsOgjAUBf-la9NQaAvXpXu_gdxXBTVtQmFl_HclYaHbMzPnZUbc1mncqi7jLOZsnDn9boT80LwDuWO-Fcslr8tMdlfsQau9FtHn5XD_Dias07eOUdsUAAQkOAXhXhsOIB0lheSHhlxS6jD0msBHTxjYtTQ4apED9ub9AQLgONU:1r8dWN:6KVTX5kOWDpr_-pullO2lEmbrqPcK2Hky8op9f5iJDQ", "expire_date": "2023-12-14T14:39:47.308"}}, {"model": "sessions.session", "pk": "a682mrctojig4ojfa7ww1fr9wb33nf6s", "fields": {"session_data": ".eJxVjMsOgjAUBf-la9NQaAvXpXu_gdxXBTVtQmFl_HclYaHbMzPnZUbc1mncqi7jLOZsnDn9boT80LwDuWO-Fcslr8tMdlfsQau9FtHn5XD_Dias07eOUdsUAAQkOAXhXhsOIB0lheSHhlxS6jD0msBHTxjYtTQ4apED9ub9AQLgONU:1rCIlF:s-K5XoIYUnpr2ILt9JgofY0ermCeM0YdYDQlFwLr8tI", "expire_date": "2023-12-24T17:18:17.691"}}, {"model": "sessions.session", "pk": "crqima9v44kp1rk28h6l4gbzf3jadtha", "fields": {"session_data": ".eJxVjMsOgjAUBf-la9NQaAvXpXu_gdxXBTVtQmFl_HclYaHbMzPnZUbc1mncqi7jLOZsnDn9boT80LwDuWO-Fcslr8tMdlfsQau9FtHn5XD_Dias07eOUdsUAAQkOAXhXhsOIB0lheSHhlxS6jD0msBHTxjYtTQ4apED9ub9AQLgONU:1reF3b:9xcsEZT4XIF3KhTBG96oJbyxHg3DKJ0yEf5t5H6x3L4", "expire_date": "2024-03-10T19:00:43.878"}}, {"model": "sessions.session", "pk": "ftdjkrana11nrerv7czdd1hmtsjzlfz3", "fields": {"session_data": ".eJxVjMsOgjAUBf-la9NQaAvXpXu_gdxXBTVtQmFl_HclYaHbMzPnZUbc1mncqi7jLOZsnDn9boT80LwDuWO-Fcslr8tMdlfsQau9FtHn5XD_Dias07eOUdsUAAQkOAXhXhsOIB0lheSHhlxS6jD0msBHTxjYtTQ4apED9ub9AQLgONU:1qgi4X:gGHAIrs2LUflrQLU8CCmSElk6Tcp-uhWcZsc68nKfCw", "expire_date": "2023-09-28T13:51:37.387"}}, {"model": "sessions.session", "pk": "ga3gjh45wi8zfgwxttfqlh8zn6jz2lsa", "fields": {"session_data": ".eJxVjMsOgjAUBf-la9NQaAvXpXu_gdxXBTVtQmFl_HclYaHbMzPnZUbc1mncqi7jLOZsnDn9boT80LwDuWO-Fcslr8tMdlfsQau9FtHn5XD_Dias07eOUdsUAAQkOAXhXhsOIB0lheSHhlxS6jD0msBHTxjYtTQ4apED9ub9AQLgONU:1qGZh0:IPdscbVeBKJ4M0KEMtp6s-ySrCa5Vypyp5Ge_IUtTOc", "expire_date": "2023-07-18T11:39:18.587"}}, {"model": "sessions.session", "pk": "hawn1pht3538liv0n0gwbxwclv2rjik1", "fields": {"session_data": ".eJxVjMsOgjAUBf-la9NQaAvXpXu_gdxXBTVtQmFl_HclYaHbMzPnZUbc1mncqi7jLOZsnDn9boT80LwDuWO-Fcslr8tMdlfsQau9FtHn5XD_Dias07eOUdsUAAQkOAXhXhsOIB0lheSHhlxS6jD0msBHTxjYtTQ4apED9ub9AQLgONU:1r14BQ:Pub1t5j13035A_LjHDop2tL7UAyFoiJq3EcCY_7B3ls", "expire_date": "2023-11-23T17:30:52.095"}}, {"model": "sessions.session", "pk": "hwgaqqkl9e3tgjd3jxtclb632eb7nxox", "fields": {"session_data": ".eJxVjMsOgjAUBf-la9NQaAvXpXu_gdxXBTVtQmFl_HclYaHbMzPnZUbc1mncqi7jLOZsnDn9boT80LwDuWO-Fcslr8tMdlfsQau9FtHn5XD_Dias07eOUdsUAAQkOAXhXhsOIB0lheSHhlxS6jD0msBHTxjYtTQ4apED9ub9AQLgONU:1qmvpJ:dxvIJM7NwUKlj5wfcB29urKyKUVHHYdGuWK3KHBp_44", "expire_date": "2023-10-15T17:45:37.013"}}, {"model": "sessions.session", "pk": "in2prb51z52w9cfkjdc8582htsr54im6", "fields": {"session_data": ".eJxVjMsOgjAUBf-la9NQaAvXpXu_gdxXBTVtQmFl_HclYaHbMzPnZUbc1mncqi7jLOZsnDn9boT80LwDuWO-Fcslr8tMdlfsQau9FtHn5XD_Dias07eOUdsUAAQkOAXhXhsOIB0lheSHhlxS6jD0msBHTxjYtTQ4apED9ub9AQLgONU:1s2594:OFC8CtpIiGMYXD1pHwSpNqQ7MQwk_ncJ29BJkYZJlpU", "expire_date": "2024-05-15T13:16:54.845"}}, {"model": "sessions.session", "pk": "mv3ws9dxi5blygemj3bwzcgzr3uzc427", "fields": {"session_data": ".eJxVjMsOgjAUBf-la9NQaAvXpXu_gdxXBTVtQmFl_HclYaHbMzPnZUbc1mncqi7jLOZsnDn9boT80LwDuWO-Fcslr8tMdlfsQau9FtHn5XD_Dias07eOUdsUAAQkOAXhXhsOIB0lheSHhlxS6jD0msBHTxjYtTQ4apED9ub9AQLgONU:1qRpbp:RiC1iA5vzWQA6M_7f59d9FQ5XN051pof-1bNZlSiLwI", "expire_date": "2023-08-18T12:52:29.280"}}, {"model": "sessions.session", "pk": "p80awligeh3cg8sw4l9tts921elppf7b", "fields": {"session_data": ".eJxVjMsOgjAUBf-la9NQaAvXpXu_gdxXBTVtQmFl_HclYaHbMzPnZUbc1mncqi7jLOZsnDn9boT80LwDuWO-Fcslr8tMdlfsQau9FtHn5XD_Dias07eOUdsUAAQkOAXhXhsOIB0lheSHhlxS6jD0msBHTxjYtTQ4apED9ub9AQLgONU:1rXGKi:aD9MjCHgYD9sCkUVJG05GTp8s3_oWoOY9vyXL53IP8s", "expire_date": "2024-02-20T12:57:32.509"}}, {"model": "sessions.session", "pk": "ryrp56g9uf05eibv7hfblpjyvuoa8xw9", "fields": {"session_data": ".eJxVjMsOgjAUBf-la9NQaAvXpXu_gdxXBTVtQmFl_HclYaHbMzPnZUbc1mncqi7jLOZsnDn9boT80LwDuWO-Fcslr8tMdlfsQau9FtHn5XD_Dias07eOUdsUAAQkOAXhXhsOIB0lheSHhlxS6jD0msBHTxjYtTQ4apED9ub9AQLgONU:1rQNoJ:XY4eu_fZ6O0EQ4vswfcPg8geHt8v7Zf-v9r2rjCMj9I", "expire_date": "2024-02-01T13:31:39.065"}}, {"model": "sessions.session", "pk": "u7t1gd9onhpedjc3zo4thho9nah2gpau", "fields": {"session_data": ".eJxVjMsOgjAUBf-la9NQaAvXpXu_gdxXBTVtQmFl_HclYaHbMzPnZUbc1mncqi7jLOZsnDn9boT80LwDuWO-Fcslr8tMdlfsQau9FtHn5XD_Dias07eOUdsUAAQkOAXhXhsOIB0lheSHhlxS6jD0msBHTxjYtTQ4apED9ub9AQLgONU:1rjaVa:eC5XskBJBXY9Fpe_l1FEkV89vl_IBXft2ttZwckkwAQ", "expire_date": "2024-03-25T12:55:42.169"}}, {"model": "sessions.session", "pk": "x7h2wj1awy1u8tnfbn6nonrpllzh204v", "fields": {"session_data": ".eJxVjMsOgjAUBf-la9NQaAvXpXu_gdxXBTVtQmFl_HclYaHbMzPnZUbc1mncqi7jLOZsnDn9boT80LwDuWO-Fcslr8tMdlfsQau9FtHn5XD_Dias07eOUdsUAAQkOAXhXhsOIB0lheSHhlxS6jD0msBHTxjYtTQ4apED9ub9AQLgONU:1qIRTO:YkR28A3f1KNVqh9tuFFLTi8fEMJiWAmoIhsIoYymKVk", "expire_date": "2023-07-23T15:16:58.065"}}, {"model": "sessions.session", "pk": "zfs0i67ldo2nb4ng1cd4h4cwkjt25fwu", "fields": {"session_data": ".eJxVjMsOgjAUBf-la9NQaAvXpXu_gdxXBTVtQmFl_HclYaHbMzPnZUbc1mncqi7jLOZsnDn9boT80LwDuWO-Fcslr8tMdlfsQau9FtHn5XD_Dias07eOUdsUAAQkOAXhXhsOIB0lheSHhlxS6jD0msBHTxjYtTQ4apED9ub9AQLgONU:1qvupW:aJ7m2GbtsXpXujiJDlrJ2of-KSiDHD-iz1bddWiDEBU", "expire_date": "2023-11-09T12:30:58.849"}}, {"model": "chat.user", "pk": 1, "fields": {"password": "pbkdf2_sha256$720000$OcKXyUVWvwKOUrWXKvQzcF$YooQ7NFW0g9n+QP2ZPPojWeLKdRyLmGFiMA8MPu7uB8=", "last_login": "2024-05-01T13:16:54.841", "is_superuser": true, "username": "alena", "email": "", "is_staff": true, "is_active": true, "date_joined": "2023-07-04T11:38:57", "first_name": "Алёна", "last_name": "Васильева", "middle_name": "Викторовна", "groups": [], "user_permissions": []}}, {"model": "chat.user", "pk": 28, "fields": {"password": "pbkdf2_sha256$720000$Hs6bWKUDUn2VgJxKNjelkQ$MdiwrTikaLPxr25qElgdHj4bx661L7m3AU8HscxBY3g=", "last_login": null, "is_superuser": false, "username": "qwq63", "email": "", "is_staff": false, "is_active": true, "date_joined": "2023-10-05T17:15:23.436", "first_name": "qw", "last_name": "qw", "middle_name": "qw", "groups": [], "user_permissions": []}}, {"model": "chat.user", "pk": 29, "fields": {"password": "pbkdf2_sha256$720000$NUQxowG8TcazvJUWC6UQa8$rDZmCnMdKoh4zX1ruAUQ6f9LtxtkxiXmtiMEzzolduk=", "last_login": null, "is_superuser": false, "username": "vv37", "email": "", "is_staff": false, "is_active": true, "date_joined": "2023-10-12T13:55:08.862", "first_name": "v", "last_name": "v", "middle_name": "v", "groups": [], "user_permissions": []}}, {"model": "chat.user", "pk": 32, "fields": {"password": "pbkdf2_sha256$720000$wthN0af9p9tSG25ng05tE9$XGMevRJclpw2qqJMJ1cMla6sOeC6Uwuojo+cGQTXLIw=", "last_login": null, "is_superuser": false, "username": "olgaleonid93", "email": "", "is_staff": false, "is_active": true, "date_joined": "2023-11-09T17:34:31.670", "first_name": "olga", "last_name": "grigorieva", "middle_name": "leonidovna", "groups": [], "user_permissions": []}}, {"model": "chat.user", "pk": 33, "fields": {"password": "pbkdf2_sha256$720000$FfINNLNe4B7NdmAXZbGmzs$KnQYX9mjR1P6zJw596m4NPMeUlb59dxL5aVpFH7Z3mg=", "last_login": null, "is_superuser": false, "username": "tamaravarfolo0", "email": "", "is_staff": false, "is_active": true, "date_joined": "2023-11-09T17:35:31.918", "first_name": "tamara", "last_name": "vyazmina", "middle_name": "varfolomeyevna", "groups": [], "user_permissions": []}}, {"model": "chat.user", "pk": 36, "fields": {"password": "pbkdf2_sha256$720000$YyVBs5jZBqBsgdqYeAFOLb$faZM9X3eJAalXVLlSlRMFB23A6vjYfP9LA1BNaEwF/U=", "last_login": null, "is_superuser": false, "username": "olgadmit29", "email": "", "is_staff": false, "is_active": true, "date_joined": "2023-11-11T15:40:20.674", "first_name": "Ольга", "last_name": "Зверева", "middle_name": "Дмитриевна", "groups": [], "user_permissions": []}}, {"model": "chat.user", "pk": 37, "fields": {"password": "pbkdf2_sha256$720000$xQ8mOvmI1KwHuL5Po9bLsT$Prw/xUl1i9wlZhAEf0N8EStoBUcHQ+9pfT6/2G+pjmU=", "last_login": null, "is_superuser": false, "username": "maksimvlad83", "email": "", "is_staff": false, "is_active": true, "date_joined": "2023-11-11T15:49:51.049", "first_name": "Максим", "last_name": "Орешкин", "middle_name": "Владиславович", "groups": [], "user_permissions": []}}, {"model": "chat.user", "pk": 38, "fields": {"password": "pbkdf2_sha256$720000$yOKQfApkfVleWy31G2MKC4$QS2bg90IBWzr1AxD6LHYdvJzYXroLCC430tRk00m64M=", "last_login": null, "is_superuser": false, "username": "andrejsergee81", "email": "", "is_staff": false, "is_active": true, "date_joined": "2023-11-11T15:54:22.970", "first_name": "Андрей", "last_name": "Высоких", "middle_name": "Сергеевич", "groups": [], "user_permissions": []}}, {"model": "chat.user", "pk": 39, "fields": {"password": "pbkdf2_sha256$720000$11uD5XstzjCKptfMs49YTE$EPB+zPVbVuYiWCKrvjczyvSsf5DDUgDpBLxOL3kr9P0=", "last_login": null, "is_superuser": false, "username": "georgijserg84", "email": "", "is_staff": false, "is_active": true, "date_joined": "2023-11-11T15:55:23.239", "first_name": "Георгий", "last_name": "Зеленцов", "middle_name": "Сергеевич", "groups": [], "user_permissions": []}}, {"model": "chat.user", "pk": 40, "fields": {"password": "pbkdf2_sha256$720000$rVoYc4xlPkbKLYBMOrakhF$oAby+vYMg/WkL3FJMedXLY7ibPDR/79pJEs8WWiwKrQ=", "last_login": null, "is_superuser": false, "username": "anastasijaviktor69", "email": "", "is_staff": false, "is_active": true, "date_joined": "2023-11-11T16:01:39.113", "first_name": "Анастасия", "last_name": "Сидорова", "middle_name": "Викторовна", "groups": [], "user_permissions": []}}, {"model": "chat.user", "pk": 41, "fields": {"password": "pbkdf2_sha256$720000$R2jAD1FdwTYZeY87SsZjrE$OIL8FJSa3btjEnZgd2Omwy5Hclre3FfEKwF6Yei/4Ds=", "last_login": null, "is_superuser": false, "username": "elenaed85", "email": "", "is_staff": false, "is_active": true, "date_joined": "2023-11-11T16:31:04.348", "first_name": "Елена", "last_name": "Вязьмина", "middle_name": "Эдуардовна", "groups": [], "user_permissions": []}}, {"model": "chat.user", "pk": 42, "fields": {"password": "pbkdf2_sha256$720000$a918JnFOgUgd7kFJUrjk9f$5Io1uCAWxjIBwtkj/KyQIaKtGFGchaWHpZ0dcNdHAvM=", "last_login": null, "is_superuser": false, "username": "elenaedua96", "email": "", "is_staff": false, "is_active": true, "date_joined": "2023-11-11T16:31:37.900", "first_name": "Елена", "last_name": "Вязьмина", "middle_name": "Эдуардовна", "groups": [], "user_permissions": []}}, {"model": "chat.user", "pk": 43, "fields": {"password": "pbkdf2_sha256$720000$kZ28nGoGxmmUdZeVIQnDwU$b5LEcdVSHJr0eSXeSr03pkM18tZ/ThTN0c0L8htYGoA=", "last_login": null, "is_superuser": false, "username": "elenaeduard70", "email": "", "is_staff": false, "is_active": true, "date_joined": "2023-11-11T17:26:37.823", "first_name": "Елена", "last_name": "Вязьмина", "middle_name": "Эдуардовна", "groups": [], "user_permissions": []}}, {"model": "chat.user", "pk": 44, "fields": {"password": "pbkdf2_sha256$720000$Vcf5M3iKUFWshqS9fg4sGJ$60FhSRdoMBUuDGFicvgCEV0iirM3Jb+Aij1j5cOMCWA=", "last_login": null, "is_superuser": false, "username": "elenaed23", "email": "", "is_staff": false, "is_active": true, "date_joined": "2023-11-11T17:28:43.071", "first_name": "Елена", "last_name": "Вязьмина", "middle_name": "Эдуардовна", "groups": [], "user_permissions": []}}, {"model": "chat.user", "pk": 45, "fields": {"password": "pbkdf2_sha256$720000$o4k6hibTHK9Tdb2J0xzt3o$NoLO4S/pfW08mjQ/qKl6+56ZZT4MyNhgsm86wzhHrHc=", "last_login": null, "is_superuser": false, "username": "elenaedu59", "email": "", "is_staff": false, "is_active": true, "date_joined": "2023-11-11T17:30:58.016", "first_name": "Елена", "last_name": "Вязьмина", "middle_name": "Эдуардовна", "groups": [], "user_permissions": []}}, {"model": "chat.user", "pk": 46, "fields": {"password": "pbkdf2_sha256$720000$ZUy71cOHCd1BL6ggdDnYMU$+5YWJ+cZl6r5tRS50wkGzVLWPafNxBRtwYH63W19lw4=", "last_login": null, "is_superuser": false, "username": "elenaeduar54", "email": "", "is_staff": false, "is_active": true, "date_joined": "2023-11-11T17:31:11.933", "first_name": "Елена", "last_name": "Вязьмина", "middle_name": "Эдуардовна", "groups": [], "user_permissions": []}}, {"model": "chat.user", "pk": 47, "fields": {"password": "pbkdf2_sha256$720000$nZzfobLJ80UMCtOhSS4GBW$h69jcET2tHurnl2JoMIYQPXPD4+Yy9O9l7GwLFBXdh8=", "last_login": null, "is_superuser": false, "username": "nikolajego85", "email": "", "is_staff": false, "is_active": true, "date_joined": "2023-11-11T19:47:21.386", "first_name": "Николай", "last_name": "Гнатюк", "middle_name": "Егорович", "groups": [], "user_permissions": []}}, {"model": "chat.user", "pk": 48, "fields": {"password": "pbkdf2_sha256$720000$VyqfuNTCUFMHevXiiQYeGy$XaFK4kyjuVAtxAu4lkZYoATmZdXFyOaFcd+xE/upw2A=", "last_login": null, "is_superuser": false, "username": "vladislavsergeevi44", "email": "", "is_staff": false, "is_active": true, "date_joined": "2023-11-16T15:51:07.577", "first_name": "Владислав", "last_name": "Прядка", "middle_name": "Сергеевич", "groups": [], "user_permissions": []}}, {"model": "chat.user", "pk": 49, "fields": {"password": "pbkdf2_sha256$720000$Mao6T9vpYBefzwf5dXfrHS$yyuccyzhRQBGxjAp48eD6bglbL0hLH6wS0GTnIMr4fE=", "last_login": null, "is_superuser": false, "username": "janastan70", "email": "", "is_staff": false, "is_active": true, "date_joined": "2023-11-16T16:03:08.038", "first_name": "Яна", "last_name": "Витковская", "middle_name": "Станиславовна", "groups": [], "user_permissions": []}}, {"model": "chat.userprofile", "pk": 1, "fields": {"user": 1, "avatar": "user_photos/img_212915_BpNl5aq.png", "created_at": "2023-07-04T11:42:03.005", "updated_at": "2023-07-04T12:42:25.221"}}, {"model": "chat.userprofile", "pk": 26, "fields": {"user": 28, "avatar": "default.jpg", "created_at": "2023-10-05T17:15:23.440", "updated_at": "2023-10-05T17:15:23.440"}}, {"model": "chat.userprofile", "pk": 27, "fields": {"user": 29, "avatar": "default.jpg", "created_at": "2023-10-12T13:55:08.868", "updated_at": "2023-10-12T13:55:08.868"}}, {"model": "chat.userprofile", "pk": 31, "fields": {"user": 33, "avatar": "user_photos/default.jpg", "created_at": "2023-11-09T17:35:31.921", "updated_at": "2023-11-09T17:35:31.921"}}, {"model": "chat.userprofile", "pk": 34, "fields": {"user": 36, "avatar": "user_photos/default.jpg", "created_at": "2023-11-11T15:40:20.679", "updated_at": "2023-11-11T15:40:20.679"}}, {"model": "chat.userprofile", "pk": 35, "fields": {"user": 37, "avatar": "user_photos/default.jpg", "created_at": "2023-11-11T15:49:51.052", "updated_at": "2023-11-11T15:49:51.052"}}, {"model": "chat.userprofile", "pk": 36, "fields": {"user": 38, "avatar": "user_photos/default.jpg", "created_at": "2023-11-11T15:54:22.974", "updated_at": "2023-11-11T15:54:22.974"}}, {"model": "chat.userprofile", "pk": 37, "fields": {"user": 39, "avatar": "user_photos/default.jpg", "created_at": "2023-11-11T15:55:23.243", "updated_at": "2023-11-11T15:55:23.243"}}, {"model": "chat.userprofile", "pk": 38, "fields": {"user": 40, "avatar": "user_photos/default.jpg", "created_at": "2023-11-11T16:01:39.118", "updated_at": "2023-11-11T16:01:39.118"}}, {"model": "chat.userprofile", "pk": 39, "fields": {"user": 41, "avatar": "user_photos/default.jpg", "created_at": "2023-11-11T16:31:04.355", "updated_at": "2023-11-11T16:31:04.355"}}, {"model": "chat.userprofile", "pk": 40, "fields": {"user": 42, "avatar": "user_photos/default.jpg", "created_at": "2023-11-11T16:31:37.904", "updated_at": "2023-11-11T16:31:37.904"}}, {"model": "chat.userprofile", "pk": 41, "fields": {"user": 43, "avatar": "user_photos/default.jpg", "created_at": "2023-11-11T17:26:37.829", "updated_at": "2023-11-11T17:26:37.829"}}, {"model": "chat.userprofile", "pk": 42, "fields": {"user": 44, "avatar": "user_photos/default.jpg", "created_at": "2023-11-11T17:28:43.076", "updated_at": "2023-11-11T17:28:43.076"}}, {"model": "chat.userprofile", "pk": 43, "fields": {"user": 45, "avatar": "user_photos/default.jpg", "created_at": "2023-11-11T17:30:58.020", "updated_at": "2023-11-11T17:30:58.020"}}, {"model": "chat.userprofile", "pk": 44, "fields": {"user": 46, "avatar": "user_photos/default.jpg", "created_at": "2023-11-11T17:31:11.938", "updated_at": "2023-11-11T17:31:11.938"}}, {"model": "chat.userprofile", "pk": 45, "fields": {"user": 47, "avatar": "user_photos/default.jpg", "created_at": "2023-11-11T19:47:21.391", "updated_at": "2023-11-11T19:47:21.391"}}, {"model": "chat.userprofile", "pk": 46, "fields": {"user": 48, "avatar": "user_photos/default.jpg", "created_at": "2023-11-16T15:51:07.587", "updated_at": "2023-11-16T15:51:07.587"}}, {"model": "chat.userprofile", "pk": 47, "fields": {"user": 49, "avatar": "user_photos/default.jpg", "created_at": "2023-11-16T16:03:08.043", "updated_at": "2023-11-16T16:03:08.043"}}, {"model": "chat.userprofile", "pk": 48, "fields": {"user": 32, "avatar": "user_photos/default.jpg", "created_at": "2024-02-06T18:59:29.845", "updated_at": "2024-02-06T18:59:29.845"}}, {"model": "chat.chat", "pk": 1, "fields": {"chat_name": "Lololo", "user_id": 1, "avatar": "chat_photos/default._2MQRjxj.jpg", "created_at": "2023-07-04T11:41:14.661", "updated_at": "2023-10-22T17:12:12.484", "group_chat": true}}, {"model": "chat.chat", "pk": 26, "fields": {"chat_name": "people137547", "user_id": 1, "avatar": "chat_photos/default.jpg", "created_at": "2023-12-07T13:55:39.260", "updated_at": "2023-12-07T13:55:39.260", "group_chat": true}}, {"model": "chat.chat", "pk": 27, "fields": {"chat_name": "test", "user_id": 1, "avatar": "chat_photos/default.jpg", "created_at": "2023-12-07T16:14:03.431", "updated_at": "2023-12-07T16:14:03.431", "group_chat": true}}, {"model": "chat.chat", "pk": 28, "fields": {"chat_name": "chill", "user_id": 1, "avatar": "chat_photos/default.jpg", "created_at": "2023-12-07T16:19:04.736", "updated_at": "2023-12-07T16:19:04.736", "group_chat": true}}, {"model": "chat.chat", "pk": 29, "fields": {"chat_name": "new", "user_id": 1, "avatar": "chat_photos/default.jpg", "created_at": "2024-01-21T17:32:15.458", "updated_at": "2024-01-21T17:32:15.458", "group_chat": true}}, {"model": "chat.chat", "pk": 30, "fields": {"chat_name": "sf", "user_id": 1, "avatar": "chat_photos/default.jpg", "created_at": "2024-01-21T17:38:36.093", "updated_at": "2024-01-21T17:38:36.093", "group_chat": true}}, {"model": "chat.chat", "pk": 31, "fields": {"chat_name": "Алёна Васильева - olga grigorieva", "user_id": 1, "avatar": "chat_photos/default.jpg", "created_at": "2024-02-06T12:49:36.462", "updated_at": "2024-02-06T16:28:36.584", "group_chat": false}}, {"model": "chat.chat", "pk": 32, "fields": {"chat_name": "Алёна Васильева - tamara vyazmina", "user_id": 1, "avatar": "chat_photos/default.jpg", "created_at": "2024-02-06T14:57:34.137", "updated_at": "2024-02-06T14:57:34.137", "group_chat": false}}, {"model": "chat.chat", "pk": 33, "fields": {"chat_name": "admin test", "user_id": 1, "avatar": "chat_photos/default.jpg", "created_at": "2024-02-08T13:34:15.232", "updated_at": "2024-02-08T13:34:15.232", "group_chat": true}}, {"model": "chat.chat", "pk": 34, "fields": {"chat_name": "qw qw - tamara vyazmina", "user_id": 28, "avatar": "chat_photos/default.jpg", "created_at": "2024-02-14T12:48:52.391", "updated_at": "2024-02-14T12:48:52.391", "group_chat": false}}, {"model": "chat.chat", "pk": 35, "fields": {"chat_name": "home", "user_id": 1, "avatar": "chat_photos/default.jpg", "created_at": "2024-02-19T18:38:20.567", "updated_at": "2024-02-19T18:38:20.567", "group_chat": true}}, {"model": "chat.chat", "pk": 36, "fields": {"chat_name": "group 1", "user_id": 38, "avatar": "chat_photos/default.jpg", "created_at": "2024-02-29T18:27:10.220", "updated_at": "2024-02-29T18:27:10.220", "group_chat": true}}, {"model": "chat.chat", "pk": 37, "fields": {"chat_name": "12", "user_id": 38, "avatar": "chat_photos/default.jpg", "created_at": "2024-02-29T18:27:31.229", "updated_at": "2024-02-29T18:27:31.229", "group_chat": true}}, {"model": "chat.chat", "pk": 38, "fields": {"chat_name": "31", "user_id": 1, "avatar": "chat_photos/default.jpg", "created_at": "2024-02-29T18:29:14.708", "updated_at": "2024-02-29T18:29:14.708", "group_chat": true}}, {"model": "chat.chat", "pk": 42, "fields": {"chat_name": "Алёна Васильева - qw qw", "user_id": 1, "avatar": "chat_photos/default.jpg", "created_at": "2024-02-29T18:50:16.718", "updated_at": "2024-02-29T18:50:16.718", "group_chat": false}}, {"model": "chat.chat", "pk": 43, "fields": {"chat_name": "Алёна Васильева - Максим Орешкин", "user_id": 1, "avatar": "chat_photos/default.jpg", "created_at": "2024-02-29T18:56:33.783", "updated_at": "2024-02-29T18:56:33.783", "group_chat": false}}, {"model": "chat.chat", "pk": 44, "fields": {"chat_name": "", "user_id": 1, "avatar": "chat_photos/default.jpg", "created_at": "2024-02-29T18:57:00.969", "updated_at": "2024-02-29T18:57:00.969", "group_chat": true}}, {"model": "chat.chat", "pk": 45, "fields": {"chat_name": "Алёна Васильева - Ольга Зверева", "user_id": 1, "avatar": "chat_photos/default.jpg", "created_at": "2024-02-29T19:01:10.963", "updated_at": "2024-02-29T19:01:10.963", "group_chat": false}}, {"model": "chat.chat", "pk": 46, "fields": {"chat_name": "Алёна Васильева - Владислав Прядка", "user_id": 1, "avatar": "chat_photos/default.jpg", "created_at": "2024-02-29T19:16:58.537", "updated_at": "2024-02-29T19:16:58.537", "group_chat": false}}, {"model": "chat.chat", "pk": 47, "fields": {"chat_name": "Алёна Васильева - Николай Гнатюк", "user_id": 1, "avatar": "chat_photos/default.jpg", "created_at": "2024-02-29T19:19:56.118", "updated_at": "2024-02-29T19:19:56.118", "group_chat": false}}, {"model": "chat.chatadmins", "pk": 1, "fields": {"chat_id": 33, "user_id": 1, "joined_at": "2024-02-08T13:34:15.240", "left_at": null}}, {"model": "chat.chatadmins", "pk": 2, "fields": {"chat_id": 29, "user_id": 1, "joined_at": "2024-02-09T21:14:29.936", "left_at": "2024-03-11T14:46:00.110"}}, {"model": "chat.chatadmins", "pk": 3, "fields": {"chat_id": 29, "user_id": 38, "joined_at": "2024-02-09T21:20:52.686", "left_at": "2024-03-11T14:31:18.329"}}, {"model": "chat.chatadmins", "pk": 4, "fields": {"chat_id": 34, "user_id": 28, "joined_at": "2024-02-14T12:48:52.405", "left_at": null}}, {"model": "chat.chatadmins", "pk": 5, "fields": {"chat_id": 35, "user_id": 1, "joined_at": "2024-02-19T18:38:20.582", "left_at": null}}, {"model": "chat.chatadmins", "pk": 7, "fields": {"chat_id": 29, "user_id": 36, "joined_at": "2024-02-25T19:15:34.188", "left_at": "2024-03-11T14:43:47.812"}}, {"model": "chat.chatadmins", "pk": 8, "fields": {"chat_id": 29, "user_id": 47, "joined_at": "2024-02-25T19:23:57.928", "left_at": "2024-03-11T08:03:57"}}, {"model": "chat.chatadmins", "pk": 9, "fields": {"chat_id": 29, "user_id": 48, "joined_at": "2024-02-25T19:25:53.852", "left_at": "2024-03-11T14:34:00.149"}}, {"model": "chat.chatadmins", "pk": 10, "fields": {"chat_id": 33, "user_id": 36, "joined_at": "2024-02-25T19:30:35.236", "left_at": "2024-03-11T14:44:33.978"}}, {"model": "chat.chatadmins", "pk": 11, "fields": {"chat_id": 29, "user_id": 49, "joined_at": "2024-02-25T19:35:13.652", "left_at": "2024-03-11T14:44:16.213"}}, {"model": "chat.chatadmins", "pk": 12, "fields": {"chat_id": 36, "user_id": 38, "joined_at": "2024-02-29T18:27:10.235", "left_at": null}}, {"model": "chat.chatadmins", "pk": 13, "fields": {"chat_id": 37, "user_id": 38, "joined_at": "2024-02-29T18:27:31.243", "left_at": null}}, {"model": "chat.chatadmins", "pk": 14, "fields": {"chat_id": 38, "user_id": 1, "joined_at": "2024-02-29T18:29:14.721", "left_at": null}}, {"model": "chat.chatadmins", "pk": 15, "fields": {"chat_id": 42, "user_id": 1, "joined_at": "2024-02-29T18:50:16.738", "left_at": null}}, {"model": "chat.chatadmins", "pk": 16, "fields": {"chat_id": 43, "user_id": 1, "joined_at": "2024-02-29T18:56:33.803", "left_at": null}}, {"model": "chat.chatadmins", "pk": 17, "fields": {"chat_id": 44, "user_id": 1, "joined_at": "2024-02-29T18:57:00.983", "left_at": null}}, {"model": "chat.chatadmins", "pk": 18, "fields": {"chat_id": 46, "user_id": 1, "joined_at": "2024-02-29T19:16:58.555", "left_at": null}}, {"model": "chat.chatadmins", "pk": 19, "fields": {"chat_id": 47, "user_id": 1, "joined_at": "2024-02-29T19:19:56.138", "left_at": null}}, {"model": "chat.chatadmins", "pk": 20, "fields": {"chat_id": 38, "user_id": 45, "joined_at": "2024-03-10T12:13:31.581", "left_at": null}}, {"model": "chat.chatadmins", "pk": 21, "fields": {"chat_id": 29, "user_id": 39, "joined_at": "2024-03-10T12:16:09.315", "left_at": "2024-03-11T14:43:25.429"}}, {"model": "chat.chatadmins", "pk": 22, "fields": {"chat_id": 29, "user_id": 41, "joined_at": "2024-03-10T12:17:34.120", "left_at": "2024-03-11T14:43:15.515"}}, {"model": "chat.chatadmins", "pk": 23, "fields": {"chat_id": 38, "user_id": 33, "joined_at": "2024-03-10T13:11:01.519", "left_at": "2024-03-11T14:29:48.807"}}, {"model": "chat.chatadmins", "pk": 24, "fields": {"chat_id": 38, "user_id": 38, "joined_at": "2024-03-10T13:32:04.560", "left_at": "2024-03-11T14:30:32.311"}}, {"model": "chat.chatadmins", "pk": 25, "fields": {"chat_id": 29, "user_id": 41, "joined_at": "2024-03-11T14:45:09.507", "left_at": null}}, {"model": "chat.chatadmins", "pk": 26, "fields": {"chat_id": 29, "user_id": 1, "joined_at": "2024-03-11T14:46:25.529", "left_at": null}}, {"model": "chat.chatadmins", "pk": 27, "fields": {"chat_id": 29, "user_id": 48, "joined_at": "2024-03-11T17:36:21.717", "left_at": "2024-03-11T17:58:14.184"}}, {"model": "chat.chatmembers", "pk": 1, "fields": {"chat_id": 1, "user_id": 1, "joined_at": "2023-07-04T11:42:12.829", "left_at": null}}, {"model": "chat.chatmembers", "pk": 7, "fields": {"chat_id": 26, "user_id": 28, "joined_at": "2023-12-07T13:55:39.266", "left_at": null}}, {"model": "chat.chatmembers", "pk": 8, "fields": {"chat_id": 26, "user_id": 32, "joined_at": "2023-12-07T13:55:39.270", "left_at": null}}, {"model": "chat.chatmembers", "pk": 9, "fields": {"chat_id": 26, "user_id": 33, "joined_at": "2023-12-07T13:55:39.272", "left_at": null}}, {"model": "chat.chatmembers", "pk": 11, "fields": {"chat_id": 27, "user_id": 43, "joined_at": "2023-12-07T16:14:03.440", "left_at": null}}, {"model": "chat.chatmembers", "pk": 12, "fields": {"chat_id": 27, "user_id": 48, "joined_at": "2023-12-07T16:14:03.444", "left_at": null}}, {"model": "chat.chatmembers", "pk": 13, "fields": {"chat_id": 27, "user_id": 49, "joined_at": "2023-12-07T16:14:03.448", "left_at": null}}, {"model": "chat.chatmembers", "pk": 14, "fields": {"chat_id": 28, "user_id": 28, "joined_at": "2023-12-07T16:19:04.742", "left_at": null}}, {"model": "chat.chatmembers", "pk": 15, "fields": {"chat_id": 28, "user_id": 39, "joined_at": "2023-12-07T16:19:04.746", "left_at": null}}, {"model": "chat.chatmembers", "pk": 16, "fields": {"chat_id": 28, "user_id": 1, "joined_at": "2023-12-07T16:19:04.749", "left_at": null}}, {"model": "chat.chatmembers", "pk": 17, "fields": {"chat_id": 29, "user_id": 28, "joined_at": "2024-01-21T17:32:15.465", "left_at": null}}, {"model": "chat.chatmembers", "pk": 18, "fields": {"chat_id": 29, "user_id": 32, "joined_at": "2024-01-21T17:32:15.469", "left_at": null}}, {"model": "chat.chatmembers", "pk": 19, "fields": {"chat_id": 29, "user_id": 38, "joined_at": "2024-01-21T17:32:15.471", "left_at": "2024-03-11T20:05:34.986"}}, {"model": "chat.chatmembers", "pk": 20, "fields": {"chat_id": 29, "user_id": 41, "joined_at": "2024-01-21T17:32:15.474", "left_at": null}}, {"model": "chat.chatmembers", "pk": 21, "fields": {"chat_id": 29, "user_id": 1, "joined_at": "2024-01-21T17:32:15.477", "left_at": null}}, {"model": "chat.chatmembers", "pk": 22, "fields": {"chat_id": 30, "user_id": 29, "joined_at": "2024-01-21T17:38:36.098", "left_at": null}}, {"model": "chat.chatmembers", "pk": 23, "fields": {"chat_id": 30, "user_id": 32, "joined_at": "2024-01-21T17:38:36.101", "left_at": null}}, {"model": "chat.chatmembers", "pk": 24, "fields": {"chat_id": 30, "user_id": 1, "joined_at": "2024-01-21T17:38:36.104", "left_at": null}}, {"model": "chat.chatmembers", "pk": 25, "fields": {"chat_id": 31, "user_id": 32, "joined_at": "2024-02-06T12:49:36.467", "left_at": null}}, {"model": "chat.chatmembers", "pk": 26, "fields": {"chat_id": 31, "user_id": 1, "joined_at": "2024-02-06T12:49:36.471", "left_at": null}}, {"model": "chat.chatmembers", "pk": 27, "fields": {"chat_id": 32, "user_id": 33, "joined_at": "2024-02-06T14:57:34.142", "left_at": null}}, {"model": "chat.chatmembers", "pk": 28, "fields": {"chat_id": 32, "user_id": 1, "joined_at": "2024-02-06T14:57:34.146", "left_at": null}}, {"model": "chat.chatmembers", "pk": 29, "fields": {"chat_id": 33, "user_id": 1, "joined_at": "2024-02-08T13:34:15.237", "left_at": null}}, {"model": "chat.chatmembers", "pk": 30, "fields": {"chat_id": 34, "user_id": 33, "joined_at": "2024-02-14T12:48:52.398", "left_at": null}}, {"model": "chat.chatmembers", "pk": 31, "fields": {"chat_id": 34, "user_id": 28, "joined_at": "2024-02-14T12:48:52.402", "left_at": null}}, {"model": "chat.chatmembers", "pk": 32, "fields": {"chat_id": 35, "user_id": 1, "joined_at": "2024-02-19T18:38:20.576", "left_at": null}}, {"model": "chat.chatmembers", "pk": 33, "fields": {"chat_id": 29, "user_id": 40, "joined_at": "2024-02-23T14:36:42.940", "left_at": "2024-03-11T20:06:44.110"}}, {"model": "chat.chatmembers", "pk": 34, "fields": {"chat_id": 29, "user_id": 42, "joined_at": "2024-02-23T14:38:39.884", "left_at": "2024-03-11T20:04:48.841"}}, {"model": "chat.chatmembers", "pk": 35, "fields": {"chat_id": 29, "user_id": 47, "joined_at": "2024-02-23T15:14:07.680", "left_at": "2024-03-11T19:46:54.403"}}, {"model": "chat.chatmembers", "pk": 36, "fields": {"chat_id": 29, "user_id": 48, "joined_at": "2024-02-23T15:29:07.048", "left_at": null}}, {"model": "chat.chatmembers", "pk": 37, "fields": {"chat_id": 29, "user_id": 39, "joined_at": "2024-02-23T15:33:18.179", "left_at": "2024-03-11T20:01:56.690"}}, {"model": "chat.chatmembers", "pk": 38, "fields": {"chat_id": 29, "user_id": 49, "joined_at": "2024-02-23T17:45:10.711", "left_at": null}}, {"model": "chat.chatmembers", "pk": 39, "fields": {"chat_id": 33, "user_id": 36, "joined_at": "2024-02-25T18:44:19.920", "left_at": null}}, {"model": "chat.chatmembers", "pk": 40, "fields": {"chat_id": 29, "user_id": 36, "joined_at": "2024-02-25T19:20:11.185", "left_at": null}}, {"model": "chat.chatmembers", "pk": 41, "fields": {"chat_id": 36, "user_id": 38, "joined_at": "2024-02-29T18:27:10.230", "left_at": null}}, {"model": "chat.chatmembers", "pk": 42, "fields": {"chat_id": 37, "user_id": 38, "joined_at": "2024-02-29T18:27:31.238", "left_at": null}}, {"model": "chat.chatmembers", "pk": 43, "fields": {"chat_id": 38, "user_id": 1, "joined_at": "2024-02-29T18:29:14.716", "left_at": null}}, {"model": "chat.chatmembers", "pk": 44, "fields": {"chat_id": 38, "user_id": 45, "joined_at": "2024-02-29T18:30:02.388", "left_at": null}}, {"model": "chat.chatmembers", "pk": 45, "fields": {"chat_id": 42, "user_id": 28, "joined_at": "2024-02-29T18:50:16.727", "left_at": null}}, {"model": "chat.chatmembers", "pk": 46, "fields": {"chat_id": 42, "user_id": 1, "joined_at": "2024-02-29T18:50:16.733", "left_at": null}}, {"model": "chat.chatmembers", "pk": 47, "fields": {"chat_id": 43, "user_id": 37, "joined_at": "2024-02-29T18:56:33.793", "left_at": null}}, {"model": "chat.chatmembers", "pk": 48, "fields": {"chat_id": 43, "user_id": 1, "joined_at": "2024-02-29T18:56:33.798", "left_at": null}}, {"model": "chat.chatmembers", "pk": 49, "fields": {"chat_id": 44, "user_id": 1, "joined_at": "2024-02-29T18:57:00.978", "left_at": null}}, {"model": "chat.chatmembers", "pk": 50, "fields": {"chat_id": 46, "user_id": 48, "joined_at": "2024-02-29T19:16:58.545", "left_at": null}}, {"model": "chat.chatmembers", "pk": 51, "fields": {"chat_id": 46, "user_id": 1, "joined_at": "2024-02-29T19:16:58.550", "left_at": null}}, {"model": "chat.chatmembers", "pk": 52, "fields": {"chat_id": 47, "user_id": 47, "joined_at": "2024-02-29T19:19:56.130", "left_at": null}}, {"model": "chat.chatmembers", "pk": 53, "fields": {"chat_id": 47, "user_id": 1, "joined_at": "2024-02-29T19:19:56.133", "left_at": null}}, {"model": "chat.chatmembers", "pk": 54, "fields": {"chat_id": 29, "user_id": 44, "joined_at": "2024-03-10T12:20:40.236", "left_at": null}}, {"model": "chat.chatmembers", "pk": 55, "fields": {"chat_id": 29, "user_id": 37, "joined_at": "2024-03-10T12:34:57.109", "left_at": null}}, {"model": "chat.chatmembers", "pk": 56, "fields": {"chat_id": 29, "user_id": 33, "joined_at": "2024-03-10T12:40:02.937", "left_at": null}}, {"model": "chat.chatmembers", "pk": 57, "fields": {"chat_id": 33, "user_id": 38, "joined_at": "2024-03-10T12:40:24.796", "left_at": null}}, {"model": "chat.chatmembers", "pk": 58, "fields": {"chat_id": 33, "user_id": 41, "joined_at": "2024-03-10T12:40:47.709", "left_at": null}}, {"model": "chat.chatmembers", "pk": 59, "fields": {"chat_id": 33, "user_id": 40, "joined_at": "2024-03-10T12:41:13.576", "left_at": null}}, {"model": "chat.chatmembers", "pk": 60, "fields": {"chat_id": 38, "user_id": 37, "joined_at": "2024-03-10T12:41:42.860", "left_at": null}}, {"model": "chat.chatmembers", "pk": 61, "fields": {"chat_id": 38, "user_id": 33, "joined_at": "2024-03-10T12:57:53.910", "left_at": null}}, {"model": "chat.chatmembers", "pk": 62, "fields": {"chat_id": 38, "user_id": 36, "joined_at": "2024-03-10T13:10:48.711", "left_at": null}}, {"model": "chat.chatmembers", "pk": 63, "fields": {"chat_id": 38, "user_id": 38, "joined_at": "2024-03-10T13:31:28.030", "left_at": null}}, {"model": "chat.chatmembers", "pk": 64, "fields": {"chat_id": 38, "user_id": 39, "joined_at": "2024-03-10T13:44:06.027", "left_at": null}}, {"model": "chat.chatmembers", "pk": 65, "fields": {"chat_id": 38, "user_id": 43, "joined_at": "2024-03-10T13:45:08.308", "left_at": null}}, {"model": "chat.chatmembers", "pk": 66, "fields": {"chat_id": 35, "user_id": 36, "joined_at": "2024-03-10T17:27:49.203", "left_at": null}}, {"model": "chat.chatmembers", "pk": 67, "fields": {"chat_id": 35, "user_id": 38, "joined_at": "2024-03-10T17:29:19.558", "left_at": null}}, {"model": "chat.chatmembers", "pk": 68, "fields": {"chat_id": 38, "user_id": 29, "joined_at": "2024-03-11T14:17:09.814", "left_at": null}}, {"model": "chat.message", "pk": 1, "fields": {"sender_id": 1, "chat_id": 1, "body": "hello", "created_at": "2023-07-05T18:12:41.839", "updated_at": "2023-07-05T18:12:41.839"}}, {"model": "chat.message", "pk": 8, "fields": {"sender_id": 1, "chat_id": 1, "body": "addsf", "created_at": "2023-09-26T21:28:41.031", "updated_at": "2023-09-26T21:28:41.031"}}, {"model": "chat.message", "pk": 9, "fields": {"sender_id": 1, "chat_id": 1, "body": "afdsfsd", "created_at": "2023-09-26T21:28:44.718", "updated_at": "2023-09-26T21:28:44.718"}}, {"model": "chat.message", "pk": 10, "fields": {"sender_id": 1, "chat_id": 1, "body": "hey", "created_at": "2023-10-01T14:38:14.892", "updated_at": "2023-10-01T14:38:14.892"}}, {"model": "chat.message", "pk": 11, "fields": {"sender_id": 1, "chat_id": 1, "body": "fdg", "created_at": "2023-10-05T16:48:08.031", "updated_at": "2023-10-05T16:48:08.031"}}, {"model": "chat.message", "pk": 12, "fields": {"sender_id": 1, "chat_id": 1, "body": "dfg", "created_at": "2023-10-05T16:48:37.356", "updated_at": "2023-10-05T16:48:37.356"}}, {"model": "chat.message", "pk": 13, "fields": {"sender_id": 1, "chat_id": 1, "body": "dfgdf", "created_at": "2023-10-05T16:48:40.494", "updated_at": "2023-10-05T16:48:40.494"}}, {"model": "chat.message", "pk": 14, "fields": {"sender_id": 1, "chat_id": 1, "body": "sg", "created_at": "2023-11-09T16:30:37.254", "updated_at": "2023-11-09T16:30:37.254"}}, {"model": "chat.message", "pk": 15, "fields": {"sender_id": 1, "chat_id": 1, "body": "ggfgh", "created_at": "2023-11-09T16:30:39.474", "updated_at": "2023-11-09T16:30:39.474"}}, {"model": "chat.message", "pk": 16, "fields": {"sender_id": 1, "chat_id": 1, "body": "sgfdgfgh", "created_at": "2023-11-09T16:30:44.987", "updated_at": "2023-11-09T16:30:44.988"}}, {"model": "chat.message", "pk": 17, "fields": {"sender_id": 1, "chat_id": 28, "body": "hellёy", "created_at": "2023-12-07T16:25:04.647", "updated_at": "2023-12-07T16:25:04.647"}}, {"model": "chat.message", "pk": 18, "fields": {"sender_id": 1, "chat_id": 1, "body": "ромашка", "created_at": "2024-01-22T21:22:04.349", "updated_at": "2024-01-22T21:22:04.349"}}, {"model": "chat.message", "pk": 21, "fields": {"sender_id": 1, "chat_id": 29, "body": "оскорблять", "created_at": "2024-02-16T21:12:06.678", "updated_at": "2024-02-16T21:12:06.678"}}, {"model": "chat.message", "pk": 22, "fields": {"sender_id": 1, "chat_id": 29, "body": "оскорблять", "created_at": "2024-02-18T11:35:54.564", "updated_at": "2024-02-18T11:35:54.564"}}, {"model": "chat.message", "pk": 25, "fields": {"sender_id": 1, "chat_id": 29, "body": "оскарблять", "created_at": "2024-02-18T11:38:16.576", "updated_at": "2024-02-18T11:38:16.576"}}, {"model": "chat.message", "pk": 26, "fields": {"sender_id": 1, "chat_id": 29, "body": "помидор", "created_at": "2024-02-18T11:52:12.675", "updated_at": "2024-02-18T11:52:12.675"}}, {"model": "chat.message", "pk": 27, "fields": {"sender_id": 1, "chat_id": 29, "body": "захлеб", "created_at": "2024-02-18T12:05:40.882", "updated_at": "2024-02-18T12:05:40.882"}}, {"model": "chat.message", "pk": 28, "fields": {"sender_id": 1, "chat_id": 29, "body": "захлёб", "created_at": "2024-02-18T12:05:46.268", "updated_at": "2024-02-18T12:05:46.268"}}, {"model": "chat.actionlog", "pk": 1, "fields": {"user": 1, "action_type": "Chat Created", "target_object_id": 47, "timestamp": "2024-02-29T19:19:56.123"}}, {"model": "chat.actionlog", "pk": 2, "fields": {"user": 41, "action_type": "Добавлен администратор в чат", "target_object_id": 41, "timestamp": "2024-03-10T12:17:34.125"}}, {"model": "chat.actionlog", "pk": 3, "fields": {"user": 44, "action_type": "Добавлен участник в чат", "target_object_id": 44, "timestamp": "2024-03-10T12:20:40.242"}}, {"model": "chat.actionlog", "pk": 4, "fields": {"user": 40, "action_type": "Добавлен участник в чат", "target_object_id": 33, "timestamp": "2024-03-10T12:41:13.579"}}, {"model": "chat.actionlog", "pk": 5, "fields": {"user": 37, "action_type": "Добавлен участник в чат", "target_object_id": 38, "timestamp": "2024-03-10T12:41:42.864"}}, {"model": "chat.actionlog", "pk": 6, "fields": {"user": 33, "action_type": "Добавлен участник в чат", "target_object_id": 38, "timestamp": "2024-03-10T12:57:53.914"}}, {"model": "chat.actionlog", "pk": 7, "fields": {"user": 36, "action_type": "Добавлен участник в чат", "target_object_id": 38, "timestamp": "2024-03-10T13:10:48.715"}}, {"model": "chat.actionlog", "pk": 8, "fields": {"user": 33, "action_type": "Добавлен администратор в чат", "target_object_id": 38, "timestamp": "2024-03-10T13:11:01.524"}}, {"model": "chat.actionlog", "pk": 9, "fields": {"user": 38, "action_type": "Добавлен участник в чат", "target_object_id": 38, "timestamp": "2024-03-10T13:31:28.035"}}, {"model": "chat.actionlog", "pk": 10, "fields": {"user": 38, "action_type": "Добавлен администратор в чат", "target_object_id": 38, "timestamp": "2024-03-10T13:32:04.565"}}, {"model": "chat.actionlog", "pk": 11, "fields": {"user": 39, "action_type": "Добавлен участник в чат", "target_object_id": 38, "timestamp": "2024-03-10T13:44:06.033"}}, {"model": "chat.actionlog", "pk": 12, "fields": {"user": 43, "action_type": "Добавлен участник в чат", "target_object_id": 38, "timestamp": "2024-03-10T13:45:08.312"}}, {"model": "chat.actionlog", "pk": 13, "fields": {"user": 36, "action_type": "Добавлен участник в чат", "target_object_id": 35, "timestamp": "2024-03-10T17:27:49.207"}}, {"model": "chat.actionlog", "pk": 14, "fields": {"user": 38, "action_type": "Добавлен участник в чат", "target_object_id": 35, "timestamp": "2024-03-10T17:29:19.561"}}, {"model": "chat.actionlog", "pk": 15, "fields": {"user": 29, "action_type": "Добавлен участник в чат", "target_object_id": 38, "timestamp": "2024-03-11T14:17:09.819"}}, {"model": "chat.actionlog", "pk": 16, "fields": {"user": 41, "action_type": "Добавлен администратор в чат", "target_object_id": 29, "timestamp": "2024-03-11T14:45:09.511"}}, {"model": "chat.actionlog", "pk": 17, "fields": {"user": 1, "action_type": "Добавлен администратор в чат", "target_object_id": 29, "timestamp": "2024-03-11T14:46:25.530"}}, {"model": "chat.actionlog", "pk": 18, "fields": {"user": 48, "action_type": "Добавлен администратор в чат", "target_object_id": 29, "timestamp": "2024-03-11T17:36:21.723"}}, {"model": "chat.actionlog", "pk": 19, "fields": {"user": 40, "action_type": "Обновлен статус участника в чате", "target_object_id": 29, "timestamp": "2024-03-11T20:06:44.114"}}]